7d316f6b-ff20-41e4-a334-d03e1fd97c5e,The Adventures of LinShanHai - Chapter5:Three Trees,12,QZQ Studio,Adventure,699,2023-06-02,2024-09-19T22:11:07.828441,nintendo,5
7d001b71-8635-44d4-8e43-d93289474a00,Deep Sea Rhapsody,10,YeShu  Wu,Action,3299,2023-06-08,2024-09-19T22:11:07.828490,playstation,5
f1c211c1-930a-4753-bb75-6e8b06acc2b5,Perfect Ninja Painter,l,SilenGames,Adventure,1699,2023-12-18,2024-09-19T22:11:07.828520,playstation,5
559a8a1f-85f9-4413-a51e-520bd97beaf6,Astra And The New Constellation,l,Llocin7 Digital,Action,1665,2023-06-12,2024-09-19T22:11:07.828543,pc,5
bea59f62-387b-4840-b9cc-d6453a3746bf,ÁõÆÁõ≤/Blind - ÈÄ¢Â§è,10,GOCORE,Adventure,699,2023-06-16,2024-09-19T22:11:07.828569,nintendo,5
511a2641-63d1-436c-beed-c755a42f7fbe,Idle: Multipliers,l,PELMENI GAMES,Indie,1379,2023-05-25,2024-09-19T22:11:07.828596,nintendo,5
f3790353-4f3b-43eb-8972-0c38957db350,Lost In The Shadows,12,Malastin,Action,1049,2024-01-05,2024-09-19T22:11:07.828621,nintendo,5
6aeb3889-bb33-4949-a1eb-2d96c84ffe6c,Protect the Planet,l,Jether,Indie,349,2023-12-25,2024-09-19T22:11:07.828650,pc,5
a48e809f-e37b-465c-b517-8794df64e877,Roman Conquest: Rise to Power,l,LOMS Studio,Adventure,1699,2024-04-26,2024-09-19T22:11:07.828676,nintendo,5
3e1236f0-9464-48c2-beb4-fa9bd6c9857c,ËÉ°ÊúçÈ®éÂ∞Ñ HuFuQiShe,14,SWYG,Action,1049,2023-06-21,2024-09-19T22:11:07.828700,playstation,5
ce7de474-3692-47f3-83ce-640cc7a5c690,Project Third Eye,12,Marcel Remmers,Action,3849,2023-08-18,2024-09-19T22:11:07.828721,pc,5
f215bb7e-7f63-41bd-9167-67d87be98a1e,MIND,l,DLS,Casual,1049,2023-07-14,2024-09-19T22:11:07.828741,playstation,5
63a18da3-241f-4756-b027-b18542c8e41c,Sweet Hut,18,hafr,Casual,2049,2023-05-25,2024-09-19T22:11:07.828760,playstation,5
3373dbc1-2b13-4eeb-bb4f-5bbea58c7d00,Them's Fightin' Herds - Character/Stage: Nidra,l,Maximum Entertainment,Action,1699,2024-02-22,2024-09-19T22:11:07.828780,nintendo,5
e8276afd-53fa-4c98-b92a-a4030f1859d2,Lilith Rising - Season 1,18,Jubei Games,Adventure,2350,2023-09-20,2024-09-19T22:11:07.828802,pc,5
59b73c5e-3a74-4d43-a053-41d79da5044e,SpeedRunnerZ,10,WaximanProductions,Adventure,1049,2023-08-02,2024-09-19T22:11:07.828825,nintendo,5
fc34b389-077a-4e5d-85a8-d2db6d59b8de,Mansion Mystery,12,GarageVR,Adventure,1699,2023-08-04,2024-09-19T22:11:07.828848,pc,5
7d98c51f-e8e7-4da7-ac03-c404987cd5a3,Froggy's Battle,10,Doot,Action,699,2023-07-19,2024-09-19T22:11:07.828870,pc,5
e803f790-1df7-43b6-8693-5d5c4ac7b578,Game Of Evolution - Season 1,18,D7Games,Adventure,1379,2023-08-07,2024-09-19T22:11:07.828892,pc,5
c3c0cfec-97b2-401c-b418-6465a3cf50ef,Capybara Supremacy!,l,I Believe in Capybara Supremacy!,Action,349,2023-10-10,2024-09-19T22:11:07.828915,playstation,5
b5803553-db63-45cb-9f5b-5f7e8f0af80e,Á†¥Á¢é‰πãÂÆ∂,14,Tonny Peng,Action,349,2023-10-06,2024-09-19T22:11:07.828940,pc,5
84a6ce6d-bb41-44b5-bba8-db9f630ce30b,Â∏åÊúõ‰πãÂüé The City Of Hope,l,ÂÆ∂ÈáåËπ≤Â∑•‰ΩúÂÆ§,Casual,2350,2024-03-04,2024-09-19T22:11:07.828966,nintendo,5
d8e2052b-36f6-4089-b7f7-ee161914901c,Lost at Birth,18,V19games,Casual,3299,2023-06-18,2024-09-19T22:11:07.828990,nintendo,5
55908d3b-5083-4410-bd88-b85eac14f7e4,Flock Party,l,Divine Image,Racing,2649,2023-10-15,2024-09-19T22:11:07.829011,pc,5
3ca92559-b152-4890-bea3-ea4477a5aa6b,Broken Minds,16,Dev Glitch Studios,Adventure,999,2023-05-24,2024-09-19T22:11:07.829033,playstation,5
2b8a7f48-946e-4392-8e58-cc4c4aae23db,Lord of the Click: Interstellar Wars,l,HugePixel,Adventure,409,2023-05-23,2024-09-19T22:11:07.829052,pc,5
d0626583-a0eb-418a-ac84-547e6c49bc5e,Wisp Child,10,Beast Game Studios Ltd,Action,4699,2023-10-20,2024-09-19T22:11:07.829073,nintendo,5
08673d7b-d79f-40cb-bdac-f1a32386f21b,Maronia,l,3323,Action,349,2024-04-07,2024-09-19T22:11:07.829097,pc,5
b4637d5b-74fb-4152-b999-046773afea46,Demon Slayer -Kimetsu no Yaiba- Sweep the Board!,12,SEGA,Action,32990,2024-07-16,2024-09-19T22:11:07.829119,playstation,5
6c5a9f45-d17b-4e7a-afdc-b2b2ebcbad23,Survivor's End,14,Ghost_RUS Games,Action,1049,2023-05-26,2024-09-19T22:11:07.829144,pc,5
1a8b595d-68ca-4f7e-89cd-6546982c17c6,Convolution of Fear,14,ARP Softworks,Adventure,699,2023-05-29,2024-09-19T22:11:07.829165,nintendo,5
31b48c93-212f-4f3c-a414-cff1865f7fec,Locuras en el Banaverso,16,Newvicon Ltd,Action,4237,2023-05-30,2024-09-19T22:11:07.829186,playstation,5
ffbd834b-35b7-4371-8190-225629786b0b,Pudding,l,Katatema,Action,1379,2023-10-24,2024-09-19T22:11:07.829208,pc,5
dcd4bb2a-9d12-4479-9dbf-daaffc2a6985,Kawaii Neko Girls - Artbook 18+,18,Kawaii,Adventure,1699,2023-05-19,2024-09-19T22:11:07.829230,pc,5
f69a7b05-8acb-4abd-aa9f-50405d41018f,Suicide Guy: The Lost Dreams,12,Chubby Pixel,Action,2649,2023-09-14,2024-09-19T22:11:07.829252,nintendo,5
f0f75b4a-0d05-4b48-b62f-c72ec9c4b9e6,ÊòüÈôÖÂ∑•‰∏öÂõΩ,l,Ê∏∏ÊàèÂÖªÂÆ∂Â∑•‰ΩúÂÆ§,Casual,2049,2024-05-24,2024-09-19T22:11:07.829294,nintendo,5
070baef9-8a3a-45fc-bee8-f6bd532b54ed,3D PUZZLE - PORT,l,Hede,Action,53999,2023-05-23,2024-09-19T22:11:07.829361,playstation,5
b500244f-8a3b-4596-beb2-9f525c4e2040,3D PUZZLE - LAST OF CITY,l,Hede,Action,53999,2023-05-23,2024-09-19T22:11:07.829385,playstation,5
ccdd5013-bd30-4a51-a592-741d96753bdf,AUDSDG,16,Dylan Willson,Casual,1699,2023-11-20,2024-09-19T22:11:07.829409,nintendo,5
d7d7df27-6941-49fb-8664-b94a834c9e08,Strategy game but with a penguin who has a sword,l,Pikku-a,Adventure,1854,2024-04-03,2024-09-19T22:11:07.829426,nintendo,5
aca08be1-0b50-4f40-a3b1-4ea46d83ccfd,Multiplayer Turtles,l,Archor Games,Action,349,2023-05-22,2024-09-19T22:11:07.829442,playstation,5
bbeac95f-cee6-4558-9f65-253b6bf4cc22,The Unknown,12,Soul Coffe Game Studio's,Action,699,2023-09-01,2024-09-19T22:11:07.829457,playstation,5
0c1ba007-278d-4884-b088-366dc9d2212f,A Whisper in the Twilight,14,Inorganic Visions,Adventure,4699,2023-06-08,2024-09-19T22:11:07.829470,playstation,5
247d2cac-0686-4aa3-aa8a-9063c73bc5b6,Hepo,10,Clip,Action,5999,2023-10-06,2024-09-19T22:11:07.829488,pc,5
9dad8dd2-0792-4c6a-8c12-734d804ee4b7,Love Quest VR: Los Angeles,12,Hayq Studios,Adventure,2350,2023-09-09,2024-09-19T22:11:07.829502,nintendo,5
bee9319f-b326-4dab-b56a-4d097a770059,Weather Dominance,l,Louai,Action,3299,2024-07-31,2024-09-19T22:11:07.829516,playstation,5
d4ce1fd0-4121-425e-bd02-2ec982c25860,Fenrir's fury,10,Nick Serebryanik,Action,1379,2023-09-01,2024-09-19T22:11:07.829529,nintendo,5
627d29b3-c53e-4ef2-aa96-5a14c84bce3a,Root Of Win,l,dmytropohorol,Action,1049,2023-09-13,2024-09-19T22:11:07.829541,nintendo,5
931cc437-0b1a-40a3-8bbd-7c571d2b0cbd,Speakeasy,18,Open Late Games,Indie,5999,2024-01-11,2024-09-19T22:11:07.829554,nintendo,5
20165d4e-130a-4567-8542-74c1d7ce231e,Reincarnated as a Noble - RPG,14,S Xavier Uy,Adventure,2049,2023-05-27,2024-09-19T22:11:07.829566,nintendo,5
deae2749-cf8c-4115-89b1-d94ede10f6fe,Detective Agency Gray Tie 2 - Collector's Edition,l,HH-Games,Casual,1844,2023-06-16,2024-09-19T22:11:07.829581,nintendo,5
f5a822c1-9b26-48ec-9834-58bd02179290,Gun and Girl,l,Simon Au Yeung,Action,349,2023-05-25,2024-09-19T22:11:07.829594,pc,5
6142895d-dec5-4e24-8df7-13d54e738d01,School Labyrinth,14,RainyDollGames,Action,2350,2024-02-21,2024-09-19T22:11:07.829607,pc,5
799178ae-cf2c-4d7e-a029-b56a00af0237,Haunted Legends: The Call of Despair Collector's Edition,l,Big Fish Games,Adventure,4449,2023-05-12,2024-09-19T22:11:07.829619,nintendo,5
8bdb8ed9-4629-4a21-affb-51fe5b1c3cc9,Fishing and Girls - Artbook 18+,18,IR Studio,Casual,349,2023-05-09,2024-09-19T22:11:07.829632,playstation,5
7859349a-0e33-47e4-8900-346bf379ef63,The Four Paths,16,Hagane,Indie,2999,2024-01-15,2024-09-19T22:11:07.829646,pc,5
0345741a-7791-4b77-9824-90e5948dd9c7,Checkmate Challenge,l,Erik Fast,Strategy,1699,2023-09-01,2024-09-19T22:11:07.829659,pc,5
56945020-f0d7-4f2f-8ce1-58eb842b89c1,Burning Branch,14,Moon Touched,Action,3299,2024-08-07,2024-09-19T22:11:07.829672,nintendo,5
cbdf4a5d-3201-4829-8880-ff766cf6039b,Stack-Making Neighbors,l,Frivolous Business,Casual,1379,2023-07-30,2024-09-19T22:11:07.829686,nintendo,5
b36c4b0b-e62d-48e4-9e68-75d7e968141f,The Wine Hunt: Aim Fidelity,l,Devs of Serenity,Action,1049,2024-07-15,2024-09-19T22:11:07.829699,nintendo,5
8c638acc-4fd5-4060-ba6b-9dc9966c0ef7,Ezerath's Last Hope,l,HotShot26,Action,1000,2023-10-02,2024-09-19T22:11:07.829713,playstation,5
457865c8-61a6-443d-b991-b3b1d57cdf33,Love Love Candy,18,Erebeta Studios,Casual,3999,2023-10-28,2024-09-19T22:11:07.829761,nintendo,5
380d3585-1353-49b9-b9d6-b55e9298de60,Vampire Girls - Artbook 18+,18,IR Studio,Casual,349,2023-05-19,2024-09-19T22:11:07.829785,pc,5
590b713e-eb85-49c1-910e-de0883f2a40f,3 Hit Blunders Bundle,l,Late teur t' gem,Action,3849,2023-06-28,2024-09-19T22:11:07.829801,playstation,5
d5ffc9ff-d08f-4b42-88e8-283c84a270e9,Ratyrinth,l,Solluco,Adventure,500,2023-11-14,2024-09-19T22:11:07.829815,pc,5
1897ab6f-78ba-4806-840a-4864efd2a9f6,"Warhammer 40,000: Chaosgate - Daemonhunters - Execution Force",16,Frontier Foundry,RPG,2349,2023-07-25,2024-09-19T22:11:07.829830,nintendo,5
d275cc95-5ff8-47db-a488-b867550fe599,Mannequin,10,Fast Travel Games,Action,1599,2024-06-20,2024-09-19T22:11:07.830091,nintendo,5
b82841f3-922d-4f7f-b7e0-30eb6438bcb4,SEARCH ALL - ALIENS,l,Laush Studio,Casual,699,2024-04-13,2024-09-19T22:11:07.830120,nintendo,5
a046584b-a466-4068-a661-8e1225a5b658,Virus 3D,14,Project 3D,Action,629,2024-06-28,2024-09-19T22:11:07.830143,playstation,5
7c79c4a2-4a89-4ec0-b121-8554d959355e,Room 817: Director's Cut,14,Bormak Studio,Action,1379,2024-04-21,2024-09-19T22:11:07.830165,pc,5
ea0d6bb2-c9c9-4662-92a9-2d95bce33efc,Warehouse Manager Simulator,l,CaliCosDev Studio,Indie,2049,2024-04-29,2024-09-19T22:11:07.830185,playstation,5
4800c9c1-de93-42ce-8b03-4d788e8526f5,Stab It VR,18,DimensionGate,Action,1699,2024-05-07,2024-09-19T22:11:07.830204,playstation,5
afece65e-03d7-4f39-b0a4-b00f21e5da9c,Climbing In Barrel With Double-Barrel,l,LostVolBytes,Action,2049,2024-05-08,2024-09-19T22:11:07.830224,nintendo,5
2b56b472-8c3e-4467-9a8d-df455e5f4350,Crazy Destruction,l,SomSmolGeims,Casual,2999,2024-04-11,2024-09-19T22:11:07.830242,nintendo,5
682d9535-5373-43cc-be53-3dc4de849364,Dungeon Ruins,l,SomSmolGeims,Action,2999,2024-04-11,2024-09-19T22:11:07.830260,nintendo,5
3f252bcc-c407-40eb-b6ee-fc2909165494,WIZARD ANOTHER WORLD,l,SomSmolGeims,Adventure,2999,2024-04-11,2024-09-19T22:11:07.830307,nintendo,5
08806d17-2101-4b57-a376-037d73ae423d,Echoes,10,Binary Tales,Casual,699,2024-04-12,2024-09-19T22:11:07.830380,pc,5
d23ff6f6-3cb0-42c5-88d0-9c4b3c84fd0a,kidnapped,14,UKKIM,Action,599,2024-04-29,2024-09-19T22:11:07.830438,playstation,5
54d6fe47-21d6-4426-8060-ed5a7a8873a7,bbosong,l,Dragon Castle,Casual,349,2024-04-12,2024-09-19T22:11:07.830468,nintendo,5
4dc76a89-9c84-49e0-b52a-a52f3140b73d,Cubik,l,Sean Chen,Casual,1049,2024-04-15,2024-09-19T22:11:07.830495,pc,5
1705ee07-0509-418e-828d-e95f346e7caa,Grapplers: Relic Rivals,12,Ally Productions LLC,Action,4449,2024-06-19,2024-09-19T22:11:07.830522,pc,5
f5c5a04f-bb44-4c65-ba37-198a3d7e63c4,Â∞èÁü≥ÂÜíÈô© Koishi Adventure‚Åì,12,EHKSTD,Action,699,2024-04-19,2024-09-19T22:11:07.830547,playstation,5
3c94a05c-dc16-4a12-8395-c2d213bd3ec8,Desktop Creatures,l,MaxDev,Casual,349,2024-05-03,2024-09-19T22:11:07.830574,nintendo,5
34050ace-ff91-4e2e-8084-087f4d44dd83,April 24th,16,EMIKA_GAMES,Adventure,594,2024-04-23,2024-09-19T22:11:07.830598,nintendo,5
5e3e06c6-a062-4138-b7c9-377420d3e10c,SEX HELP,18,Hell Bomb Studio,Action,209,2024-04-19,2024-09-19T22:11:07.830621,playstation,5
786cbe8e-b688-488e-8c0d-d6d744746172,Cyborg  lumberjack,l,Konogorov Dmitry,Action,1379,2024-04-24,2024-09-19T22:11:07.830650,nintendo,5
27700151-8cd0-4f9c-b3c3-50a708464fb7,Chaos Frenzy,l,Saeru,Action,2018,2024-04-27,2024-09-19T22:11:07.830677,playstation,5
27aa7e8c-23dc-430f-97c9-44b560649799,SpectroPhobia,10,NDBdeveloper,Adventure,2649,2024-04-09,2024-09-19T22:11:07.830702,nintendo,5
e85aa06e-5709-4821-a576-da00281fd394,Le monde d'orathos,l,Erouest Production,RPG,2649,2024-04-22,2024-09-19T22:11:07.830725,nintendo,5
3364ab6c-78c2-48fa-9497-76db26115533,Monsters and Sprites,10,Sinacs,Action,279,2024-05-16,2024-09-19T22:11:07.830749,pc,5
dd9e9847-427e-4ebd-a5dc-a33fe01c135f,Cozy Merge,l,at0m,Casual,699,2024-07-30,2024-09-19T22:11:07.830772,playstation,5
182350f3-4639-4202-8d30-7e7c29d05e05,Âæ∑Â∑ûËæπÂ¢ÉÂÆàÂç´Êàò,12,7miao game,Action,699,2024-05-09,2024-09-19T22:11:07.830796,nintendo,5
5ee3e1eb-b8ae-47ab-af25-fa54183d333e,Blast in the Past,10,A Mil To One Games,Indie,2649,2024-04-15,2024-09-19T22:11:07.830820,nintendo,5
da0e641e-6513-43e3-b9ea-32cbc9c1345c,Bluff with Ash,16,Conv Studio,Action,1699,2024-06-02,2024-09-19T22:11:07.830847,nintendo,5
d75d7943-eabf-4ddf-a105-f22c94b599b7,Fetish Club,18,SinVR,Casual,7399,2024-05-30,2024-09-19T22:11:07.830870,pc,5
9162146a-7cc2-4d8f-a4c7-999b5266269f,Dig a Road,l,SuperJoy Games,Casual,699,2024-05-06,2024-09-19T22:11:07.830893,playstation,5
8545e6fe-af27-4d2e-bbee-9f131df45c4a,Oh No! I Died and Woke Up a Greek God!,14,Bixie Boots,Casual,499,2024-04-22,2024-09-19T22:11:07.830929,playstation,5
e87173ec-8fe8-4807-87d4-c13d42c73283,RPG Maker MZ - Diagonal Sprite Generator,l,Gotcha Gotcha Games,RPG,3579,2024-04-10,2024-09-19T22:11:07.830953,pc,5
bd40d06b-1600-43f4-9e76-58d797cc6427,RPG Maker MZ - NEONPIXEL - Mega Flying World,l,Gotcha Gotcha Games,RPG,4449,2024-04-10,2024-09-19T22:11:07.830977,playstation,5
868c60b4-02c4-44f6-82ce-7c38fc195dc6,RPG Maker MZ - Ax Angel Studios - Shattered Silence,l,Gotcha Gotcha Games,RPG,1299,2024-04-10,2024-09-19T22:11:07.831076,playstation,5
0c0d843e-52c6-440a-834c-20fe1d92ac85,‰∏ã‰∏ÄÁ´ôÊ±üÊπñ‚Ö°-Á∫ØÂ§ñËßÇDLC„ÄäÊ±üÊπñÂ¶ÇÊ¢¶„Äã,l,ÁôΩÁéâ‰∫¨Â∑•‰ΩúÂÆ§,Action,2049,2024-04-17,2024-09-19T22:11:07.831101,playstation,5
16b37fef-ff9d-4044-b8cb-6230c5645b27,RPG Maker MV - Diagonal Sprite Generator,l,Gotcha Gotcha Games,RPG,1099,2024-04-10,2024-09-19T22:11:07.831139,nintendo,5
189c598b-3c5d-484b-8b3d-f83c78e06773,RPG Maker MV - NEONPIXEL - Mega Flying World,l,Gotcha Gotcha Games,RPG,1399,2024-04-10,2024-09-19T22:11:07.831169,pc,5
60a1f1f5-f7eb-4b35-8a00-5111427a0f99,RPG Maker MV - Ax Angel Studios - Shattered Silence,l,Gotcha Gotcha Games,RPG,1299,2024-04-10,2024-09-19T22:11:07.831200,nintendo,5
a0af216d-7f24-43e3-99ad-748dd556d5bc,Sea Rover,l,wang huimin,Casual,349,2024-04-15,2024-09-19T22:11:07.831223,pc,5
1cb0f7eb-d33e-4af6-8c5b-7260568a7981,subway,14,YYC,Casual,1379,2024-05-03,2024-09-19T22:11:07.831246,playstation,5
f468c6d0-488d-4770-9f12-117ccf2ac730,DINRAY,l,Olga Ostroumova,Design & Illustration,54795,2024-05-01,2024-09-19T22:11:07.831269,nintendo,5
6efcbcef-1297-4aa2-806c-205854cc4f3b,Blood Poker,18,Roeb,Casual,1499,2024-05-01,2024-09-19T22:11:07.831296,playstation,5
7db3d61c-432f-42ff-8fdf-8c8ad160e106,CAASI remade Digital Wallpaper,10,nahCeYmiK,Adventure,629,2024-07-24,2024-09-19T22:11:07.831319,playstation,5
fe5a15be-03b5-4076-81b0-c05cf6ed1a0f,Kingdom Of Peace,14,Prosuntal Games Studio,Adventure,3579,2024-04-30,2024-09-19T22:11:07.831345,pc,5
ebad7ed8-1702-4ab5-8e31-6c20418f8207,Brownie's Adventure 2,14,Beardy Ramblin Games,Adventure,1986,2024-08-01,2024-09-19T22:11:07.831368,playstation,5
b07144e8-7a8c-416a-a47a-f093101ea57e,Spaceborne Survivors,l,Dmitry Ryabchuk,Action,1049,2024-04-15,2024-09-19T22:11:07.831391,pc,5
2af4a047-8dbb-4a05-b65d-a4e7de77feb1,Shade Silver,12,Chris Allen,Action,1049,2024-06-10,2024-09-19T22:11:07.831417,pc,5
a71ec5a4-db25-4241-989f-e818ae8e9190,ÈÅóÂøòÈ≠îÂ°î,l,ÁΩóÂ∞èÁÜäÂ∑•‰ΩúÂÆ§,Adventure,1049,2024-04-08,2024-09-19T22:11:07.831442,pc,5
bf03e8f2-3f60-4230-8c4c-12a17bda4902,RollScape,l,Leonardo the Vinchy,Adventure,2350,2024-05-22,2024-09-19T22:11:07.831465,pc,5
236eca84-2187-4cc1-acf2-e250bcbab122,Ylands - Starter Pack,10,Bohemia Interactive,Adventure,524,2024-04-25,2024-09-19T22:11:07.831489,nintendo,5
f9cba0a6-9571-46ad-b57d-30fed8ca6bce,„Éè„É´„Ç∏„Ç™„É≥„ÅØÈõ®„Å®Âí≤„Åè,16,„ÄéÁ∏ãÊÉ≥„Äè„Éó„É≠„Ç∏„Çß„ÇØ„Éà,Adventure,2999,2024-04-11,2024-09-19T22:11:07.831513,playstation,5
36cab74a-5e1c-47bd-8831-cc818142e3a7,Card Master,l,Cyan Cloud,Casual,500,2024-04-30,2024-09-19T22:11:07.831607,playstation,5
1590ae6b-e812-441f-9716-640e5f181726,NTBSS Top Secret Training Set - Season Pass 7 Characters,12,Bandai Namco Entertainment,Action,1150,2024-05-23,2024-09-19T22:11:07.831633,nintendo,5
ca64b288-407b-4e4b-bf66-76e815f5887c,Wartales - The Tavern Opens!,14,Shiro Games,Adventure,4599,2024-04-18,2024-09-19T22:11:07.831657,playstation,5
e05555b6-940d-4086-96d4-bb3890ea68f6,Enter The Lost Chamber - Artbook,l,Game Academy,Action,99,2024-04-17,2024-09-19T22:11:07.831726,nintendo,5
2593aa44-8e2d-4466-8ef4-2261a1bdab42,ARC: Antic Runes Combat,l,ima shouganai,Casual,3299,2024-04-10,2024-09-19T22:11:07.831753,nintendo,5
773faae4-3577-410a-bc9a-050d94271899,METAL DOGS NEW DOG ADDITION:LABRADOR RETRIEVER,10,"24Frame,inc.",Action,2320,2024-05-23,2024-09-19T22:11:07.831778,pc,5
2239287b-690a-4971-8e2c-625c3e0a358f,ÊàëÂú®Êú´Êó•Êç°ÂûÉÂúæ,12,‰∫∫È±ºÂ∑•‰ΩúÂÆ§,Casual,1189,2024-04-30,2024-09-19T22:11:07.831803,playstation,5
d312cb0b-c42f-4d4e-b00c-b8ca60d3ebd2,ÏùºÏßÑÎÖÄÍ∞Ä ÏòÜÏßëÏóê Ïù¥ÏÇ¨ÏôîÎã§,14,Somel,Casual,2049,2024-04-21,2024-09-19T22:11:07.831831,nintendo,5
7a5b522c-ccec-43d3-8546-beefad043b5b,ÔºòÁï™„ÅÆ„Çä„Å∞,14,KOTAKE CREATE,Adventure,1379,2024-05-31,2024-09-19T22:11:07.831856,playstation,5
b479202d-405a-4e6c-b5e7-ba59531cd31d,„Éû„ÉÅ„Éß„É™„Ç¶„É† -Muscle Aquarium Simulator-,l,indiegamesjapan,Casual,2649,2024-05-28,2024-09-19T22:11:07.831882,playstation,5
2b5a3464-9d74-40cd-9685-238d90ba3d87,RPG Maker VX Ace - Time Elements - Character Expansion 1,l,KOMODO,Adventure,4699,2024-04-04,2024-09-19T22:11:07.831907,playstation,5
5359719d-330c-4e71-b925-beae0bfc8ba7,RPG Maker VX Ace - MT Tiny Tales - CodeArk UI Assets,l,KOMODO,Adventure,4699,2024-04-18,2024-09-19T22:11:07.831932,nintendo,5
80df5b85-f6b8-4b53-b316-3a59a8411705,RPG Maker MV - MT Tiny Tales - CodeArk Galaxy Frontiers,l,KOMODO,RPG,7399,2024-04-18,2024-09-19T22:11:07.831955,nintendo,5
90f0cec1-2b88-4d3e-a6fb-a457ac1c7670,RPG Maker MV - Winlu Spaceship Tileset,l,KOMODO,RPG,7399,2024-04-25,2024-09-19T22:11:07.831979,nintendo,5
61bf5cb0-ac03-4bc4-bf7f-d62eb9ce2bd7,RPG Maker MZ - MT Tiny Tales - CodeArk Galaxy Frontiers,l,KOMODO,RPG,7399,2024-04-18,2024-09-19T22:11:07.832004,nintendo,5
d59261a2-9730-46db-8999-4723e2d1f030,RPG Maker MV - KR The Motherlode Cave and Mine Tileset,l,KOMODO,RPG,5999,2024-04-25,2024-09-19T22:11:07.832033,pc,5
42fe0dd3-5db1-4ba9-a559-0347ae0ce619,RPG Maker MZ - Winlu Spaceship Tileset,l,KOMODO,RPG,7399,2024-04-25,2024-09-19T22:11:07.832057,nintendo,5
d338557c-6371-4764-9493-cc49907e808c,MechWarrior Online‚Ñ¢ - Black Hawk-Ku Mech Pack,10,Piranha Games Inc.,Action,5999,2024-04-23,2024-09-19T22:11:07.832082,playstation,5
7af32fb3-3454-419f-ba78-82d82e8500bd,Dimenshift,l,Lost Connection,Action,3299,2024-05-03,2024-09-19T22:11:07.832107,nintendo,5
92f8485f-bec5-4416-b765-a2913a4249fa,SOS OPS! - GUNS N' OPS,l,ArtDock ,Action,349,2024-04-11,2024-09-19T22:11:07.832134,pc,5
0d51c5e0-fa83-4d15-a567-d9b5e0151c2b,The Texas Chain Saw Massacre - Ana Outfit Pack 2,18,Gun Interactive,Action,1699,2024-04-16,2024-09-19T22:11:07.832159,pc,5
71cb7e3a-3ec6-48ab-a9ad-ca3ff144038d,Cube Lands: The Final Wish,l,SkyHog,Adventure,1049,2024-04-09,2024-09-19T22:11:07.832184,pc,5
078c6c96-5b6d-4293-b614-0de6cf1d66dc,Maintenance Crew,14,Kyle Obranovic,Action,699,2024-06-26,2024-09-19T22:11:07.832210,playstation,5
e8299301-ca81-4912-a8cc-ef38e8824c0e,KUNKUN Defender,l,Seal,Action,629,2024-05-02,2024-09-19T22:11:07.832239,playstation,5
ac51819c-1435-4a16-8511-cec5b446d5d8,‰∫§ÁªáÁöÑÂç∞ËÆ∞,12,ÂèØÈ£üÁî®ËìùÂ¢®Ê∞¥,Casual,699,2024-08-22,2024-09-19T22:11:07.832264,pc,5
74618617-04be-47bc-b501-fb447321ee6a,PostLife,16,Awakecore,Indie,1699,2024-08-09,2024-09-19T22:11:07.832321,playstation,5
a3e9a289-f9a0-48fe-8bbd-f00e95bfb49d,Ghost Hunter,l,EPRA Games,Action,1499,2024-04-11,2024-09-19T22:11:07.832359,pc,5
18d480fa-37d1-449f-9026-7ecee2cf06ba,3Souls Parallel Edition,l,Spacefarer R&D Ltd.,Adventure,1379,2024-04-05,2024-09-19T22:11:07.832377,nintendo,5
8bdb8720-2ce4-4d7e-a1c4-f2ead4d2b456,„Éá„ÉÉ„Ç≠ÂãáËÄÖ,18,1.5Ê¨°Ââµ‰Ωú,RPG,2321,2024-05-16,2024-09-19T22:11:07.832394,pc,5
70db1ad6-3e1b-4fbd-8d78-3550399c46c3,Supermrket: El Videojuego de Gesti√≥n de Supermercado,l,Paso-a-Paso games ,Casual,349,2024-04-25,2024-09-19T22:11:07.832410,playstation,5
a212cff8-7444-444f-b107-61e07623b9c1,Bosstack,10,Catalion,Casual,299,2024-04-24,2024-09-19T22:11:07.832437,playstation,5
c729f572-3b44-432e-a9c9-82707d2b8b3f,Supermrket: Expansion San Juan,l,Paso-a-Paso games ,Casual,349,2024-06-23,2024-09-19T22:11:07.832453,pc,5
a8d06048-c727-43be-8211-001c1e5e07c9,AOD,10,yexiong,Adventure,1049,2024-04-25,2024-09-19T22:11:07.832467,nintendo,5
c629cad4-878c-4977-8374-97e2dc177066,Borderless Gaming - Dark Mode,l,Codeusa,Utilities,349,2024-03-25,2024-09-19T22:11:07.832481,playstation,5
de4c2054-654a-4999-924f-43fc558c1345,„ÅØ„Å§„ÇÇ„ÅÆ„Åå„Åü„Çä | Naive Novel,l,"Yanase Games, Inc.",Adventure,1379,2024-06-14,2024-09-19T22:11:07.832495,playstation,5
1b739c34-1aab-4f67-9a50-7adbca910968,Hentai Girls,18,CggtGroup,Casual,349,2024-04-12,2024-09-19T22:11:07.832510,nintendo,5
41777b2c-acb5-493e-a5ab-685bef281bfc,Detective Secrets Solitaire. The Curse of the Village,l,DigiMight,Casual,2350,2024-04-10,2024-09-19T22:11:07.832523,pc,5
842f541d-f09c-4c1e-a680-f1112a696c85,Tribute,14,Conni'co,Adventure,2499,2024-08-30,2024-09-19T22:11:07.832538,nintendo,5
f20ffc6c-4a8e-44d4-9a56-fc715133850c,SKALD: Against the Black Priory - Reinforcement Pack,l,Raw Fury,Indie,1699,2024-05-30,2024-09-19T22:11:07.832552,playstation,5
2bf3d3d5-99a4-49cd-adf2-70835d316fae,Mullet Mad Jack ARTBOOK,l,Epopeia games,Action,2636,2024-05-15,2024-09-19T22:11:07.832567,pc,5
102ecfc3-1a74-4aca-ad5e-9d563cfca334,Transparent Skin,l,Small Solar Sloth Studios,Action,349,2024-04-13,2024-09-19T22:11:07.832581,nintendo,5
e00a57b6-8284-414d-a9e2-f9313b761b72,Forget Something?,14,Treadway Studios,Indie,349,2024-04-12,2024-09-19T22:11:07.832596,playstation,5
f6424ca4-caf4-4449-9d41-ba366cd90f61,ËØ∏Â≠ê‰ºèÈ≠î,l,ÊùéÂ∞èÈπèÁöÑÂèëË°åÂïÜ,Indie,1379,2024-04-18,2024-09-19T22:11:07.832614,playstation,5
253dc2a9-5415-4c17-8897-01c1897079e2,Let's School - Magical Castles Furniture Pack,l,Pathea Games,Casual,1379,2024-06-27,2024-09-19T22:11:07.832628,nintendo,5
3addffb9-40bc-4f85-bc15-34ef37c44e5d,–ê–ª—å—Ç—É—à–∫–∞ –¥–ª—è —Å–∫—É—Ñ–∞,16,Terletski Games,Casual,1699,2024-04-21,2024-09-19T22:11:07.832642,playstation,5
8a10645c-d9fa-46cb-8cdc-6012eea8dca9,Trainz 2022 DLC - Est/SNCF 241A Mountain Locomotives (rebuilt),l,N3V Games,Simulation,1319,2024-04-02,2024-09-19T22:11:07.832657,playstation,5
5e68c8bc-a8ee-4d78-aab4-d75aa3b3a512,Trainz Plus DLC - Est/SNCF 241A Mountain Locomotives (rebuilt),l,N3V Games,Simulation,1319,2024-04-02,2024-09-19T22:11:07.832672,playstation,5
c9015a21-d433-498d-9340-a98a46eed218,Finding Sparky,10,Sparky Studios,Action,2999,2024-05-22,2024-09-19T22:11:07.832687,nintendo,5
f85ad729-2cec-452c-a1cb-18dd06a510f8,Gold Mining Simulator - Mini Mining Machines,l,Code Horizon ,Indie,1799,2024-04-11,2024-09-19T22:11:07.832701,nintendo,5
459190e6-0be6-4f02-a642-c3bff6502611,SokoPenguin,l,Vergiu,Adventure,499,2024-04-12,2024-09-19T22:11:07.832714,pc,5
e79322a2-5df1-4e79-8708-144a0842619e,Physical Spheres,l,ArcadeEcho Studios,Casual,349,2024-06-18,2024-09-19T22:11:07.832727,nintendo,5
87137584-e7de-4c03-8b13-1ff2eb23904d,Fionas Dream of Atlantis,l,magnussoft,Casual,3299,2024-04-11,2024-09-19T22:11:07.832748,pc,5
1d2112a2-03a4-489e-b72b-78b1dbc851c2,Wizards Vs Soldiers And Robots,l,Astra,Action,1049,2024-04-09,2024-09-19T22:11:07.832765,playstation,5
23860fc4-567b-4061-b941-5713aa75cd17,Frood Robotics,l,Frood Designs,Indie,1699,2024-07-31,2024-09-19T22:11:07.832780,playstation,5
c26cc486-b572-40cd-9f13-9d2731c18b84,Super Pixel Merge Balls,l,Igor Silva,Casual,349,2024-04-05,2024-09-19T22:11:07.832796,nintendo,5
f2954a60-a226-446c-8838-4c0bbf290a11,Dreamland - Chapter 2,18,Dokiden,Adventure,1699,2024-04-05,2024-09-19T22:11:07.832809,nintendo,5
158a6cf9-9bfc-4908-9aa8-d4d9102e93df,SpellRogue - Supporter Pack,14,Ghost Ship Publishing,Indie,2649,2024-05-09,2024-09-19T22:11:07.832823,pc,5
f0500a09-be36-473f-ab81-dfdeb989b78a,ÁÉ≠Ë°Ä‚ÜíÈ≠îÂπª - ÊãìÂ±ïÂåÖ,14,ÂÖâËæâÁΩóÈ©¨ÁªìÁ§æ,Indie,349,2024-04-25,2024-09-19T22:11:07.832837,playstation,5
4a591415-3a82-4e72-8b76-d97da8b879a3,Sex and the Furry Titty 3 - 4K Animations Pack,18,Furlough Games,Adventure,2049,2024-05-16,2024-09-19T22:11:07.832855,playstation,5
fa50e692-e79b-47fa-963b-b4ce455e5776,Hentai Elf,18,htaidisgust,Casual,99,2024-04-24,2024-09-19T22:11:07.832979,pc,5
820f54b6-daaf-422e-9d60-dab5e9282536,MrHuh,10,LN,Action,349,2024-04-04,2024-09-19T22:11:07.833004,playstation,5
71022322-df67-419f-9c58-29089a6cdb9b,overflower,l,lemur_on_mars,Casual,1049,2024-08-30,2024-09-19T22:11:07.833022,playstation,5
bdaf0649-1f9c-4ba7-93e7-562875161042,Legend of Rome 2 - The Magic Hourglass,l,magnussoft,Casual,3299,2024-04-09,2024-09-19T22:11:07.833038,pc,5
b6dbec59-cdc2-4a67-9bb2-9ae10924cdb4,Anomaly Escape,14,Z-Tech Studio,Casual,1699,2024-06-08,2024-09-19T22:11:07.833052,pc,5
3e8b3caa-9f78-446e-8dcc-e8f21cdf20b3,Cricket Captain 2024,l,Childish Things Ltd,Sports,2999,2024-06-06,2024-09-19T22:11:07.833072,playstation,5
789ae3f9-d757-4b31-aca7-569229cd2500,Sophias Pizza Restaurant,l,magnussoft,Casual,3299,2024-04-09,2024-09-19T22:11:07.833087,nintendo,5
d8f867ff-542e-46ac-9e64-051766653a2d,My Boyfriend is a Martianüë∞‚ù§Ô∏èüëΩ,18,ÁÅ´ÊòüÊÑ§ÊÄí,Adventure,2350,2024-04-26,2024-09-19T22:11:07.833103,playstation,5
f11b04c8-a735-4a42-a418-c70301afed6c,Mizi NO! - Everyday Objects,l,DU&I,Casual,699,2024-08-22,2024-09-19T22:11:07.833120,nintendo,5
4628f44a-122f-4986-b104-18575acf9887,Mizi NO! - Blank Slate,l,DU&I,Casual,699,2024-08-22,2024-09-19T22:11:07.833136,nintendo,5
460b1b43-f28d-4203-a65b-c25f302f8fae,Manaulyn,10,Apokalypsis Studios,Action,699,2024-05-06,2024-09-19T22:11:07.833153,pc,5
ca982d8b-fb11-4ee1-8a60-2c7b30d28296,Nolgorb's Ordeal,l,Hard Meat,Adventure,2350,2024-08-30,2024-09-19T22:11:07.833168,pc,5
b7417058-f21c-4c62-a810-5c03174f7ef9,Bronzebeard's Tavern - Supporter Pack,l,The Mermaid MenZ,Casual,1440,2024-03-25,2024-09-19T22:11:07.833182,pc,5
e12a1095-de16-4638-8926-6541c6fd2a9a,Card Engine,l,Frostzone Entertainment,Indie,4699,2024-05-03,2024-09-19T22:11:07.833199,pc,5
d644d020-78a2-4584-8d8b-fc85457455db,Êë∏È±ºÊãºÂõæ/Easy Jigsaw Puzzle,10,chengguogamelimitedcompany,Casual,349,2024-04-11,2024-09-19T22:11:07.833216,playstation,5
de0251b5-b874-4e7b-bfa9-d3834471fe3d,Ballbastic! Starter Pack,l,Phunen Games,Casual,299,2024-04-22,2024-09-19T22:11:07.833261,nintendo,5
39c03f4d-cff4-4c9d-b42e-e3b027560247,3Áï™Á∑ö | Sanbansen,12,MFC STUDIO,Action,1699,2024-06-05,2024-09-19T22:11:07.833289,nintendo,5
b5266b9a-9109-42e7-9a84-4bb4fcb0d767,Emoji Survival,l,PowerApps,Action,699,2024-04-22,2024-09-19T22:11:07.833310,nintendo,5
37d9230a-0551-4def-9f4f-63bdf9f37c5f,BobasQuest,l,Gamesforgames,Action,3299,2024-04-28,2024-09-19T22:11:07.833325,pc,5
b4cdf643-59c5-4649-a150-d81fc2f02bc4,Qualle Party - Bonus Maps,l,Novixx Systems,Action,699,2024-03-20,2024-09-19T22:11:07.833340,nintendo,5
812fb165-fb78-40a0-86c6-a192d723e542,Political Punchers: 2024 Arena,12,Gordo Gamers,Action,2049,2024-04-09,2024-09-19T22:11:07.833354,playstation,5
61da0f21-00eb-4e71-abec-c6fc5b627750,Midnight Lane,14,Blossom Legion,Action,1379,2024-05-09,2024-09-19T22:11:07.833368,playstation,5
97c733d9-9849-49be-bff5-31419f20baaa,Neko Girls Puzzle,12,17Studio,Casual,1049,2024-04-05,2024-09-19T22:11:07.833381,nintendo,5
92bd1006-3eed-4d4d-aba9-0f366c3b625f,RefleXion,14,Lucerna Studio,Indie,1049,2024-05-03,2024-09-19T22:11:07.833395,nintendo,5
1b49d456-8db0-48be-a4af-10e8638b8094,"""Reimu Hakurei"" Winter Costume (Touhou Genso Wanderer -FORESIGHT-)",12,Phoenixx Inc.,Adventure,1049,2024-05-14,2024-09-19T22:11:07.833411,nintendo,5
089dffba-81cc-43e9-9981-ec347dbe8999,Arizona Sunshine¬Æ Remake,18,Vertigo Games,Action,10795,2024-10-17,2024-09-19T22:11:07.833428,nintendo,5
cdcb1893-4385-43fc-bbfa-223a3c0171e0,Star Legends,l,Star Legends,Adventure,1699,2024-04-05,2024-09-19T22:11:07.833441,pc,5
2184ee3a-6ace-4ea9-8a3e-c194249e8209,Ê•µÂìÅÈááËä±ÈÉé,18,Ë†ëËûà,RPG,5999,2024-08-02,2024-09-19T22:11:07.833454,pc,5
cd3162d2-8114-4adb-af3b-400109d6a9b8,Jurassic World Evolution 2: Park Managers' Collection Pack,10,Frontier Developments,Simulation,1327,2024-05-16,2024-09-19T22:11:07.833468,playstation,5
2cce5151-c6ab-4f4a-a690-70cd94e5b515,Explorer: Adventure Awaits,l,KrakenForge,Adventure,2649,2024-04-28,2024-09-19T22:11:07.833482,playstation,5
319a02e6-c666-432b-a649-f29ad1660e4c,Block Man Adventures,l,sprise,Casual,349,2024-04-16,2024-09-19T22:11:07.833495,playstation,5
9e124a24-b9a9-4e81-a749-f89a2a95bfd3,Intimate Abode,18,Buu Pink,Adventure,2000,2024-05-30,2024-09-19T22:11:07.833509,nintendo,5
59e59496-5f1f-49f4-a314-400cfd9701bf,„Ç∏„Çπ„É´Êùë„ÅÆ‰∏ÄÊèÜ,18,072 Project,Action,809,2024-09-13,2024-09-19T22:11:07.833529,nintendo,5
27edbd47-1e16-4c86-abdb-472de379fd28,Black hole Escape,l,Teleportsoft,Casual,2049,2024-04-08,2024-09-19T22:11:07.833546,playstation,5
6d48e96e-3054-4614-a0b0-8822b489bca4,Cyberlinxxx- Artworks,18,Baka_Energy_studios,Indie,2649,2024-04-11,2024-09-19T22:11:07.833563,playstation,5
251dc1bf-c41d-402e-ba86-7cbd9b30dbd0,The Anomalous Hour,14,Gambir Studio,Adventure,1049,2024-04-21,2024-09-19T22:11:07.833578,nintendo,5
9e5d9798-80be-40c2-948c-f129dfd8b053,Janko,10,Janko Devs,Adventure,1699,2024-06-23,2024-09-19T22:11:07.833591,nintendo,5
3efc2267-bce7-4b5d-bdcc-50540ecd0afd,„Ç≥„Ç≥„É≠„Ç∑„É£„ÉÉ„Éï„É´ - Spirit Swap -,16,"CyberStep, Inc.",Adventure,1999,2024-04-17,2024-09-19T22:11:07.833608,pc,5
4d46ee6f-69a2-43e3-967b-923926ddd2d7,Îã§Ïù¥ÏïÑÎ™¨Îìú 6000Í∞ú,l,"CFK Co., Ltd.",Action,2049,2024-04-03,2024-09-19T22:11:07.833628,pc,5
290281ea-ef49-423d-ae82-5f93553a08d2,Îã§Ïù¥ÏïÑÎ™¨Îìú 12000Í∞ú,l,"CFK Co., Ltd.",Action,2649,2024-04-03,2024-09-19T22:11:07.833652,pc,5
f04a0961-f2d7-4b26-8eda-4d9b5cc7495d,Ìä∏Î†àÏù¥ÎÑà Î≤ÑÌîÑ,l,"CFK Co., Ltd.",Action,699,2024-04-03,2024-09-19T22:11:07.833670,pc,5
ff77a147-f0dd-4ac3-b8ea-ae0b9f7deed1,TrapTrekUltimateOtherMe,l,KuboushiGames,Action,3000,2024-05-21,2024-09-19T22:11:07.833684,pc,5
c74428de-9139-4b8b-b2f0-32888e5166fa,ÂßëËãèÂüé‰∏≠ÈÇ£‰∫õÁå´,l,Catnip studio,Casual,349,2024-04-16,2024-09-19T22:11:07.833697,playstation,5
88e816c1-37f5-4dd5-8b17-51e3442195bf,Deck Remover,l,KathGaan,Casual,349,2024-04-30,2024-09-19T22:11:07.833709,pc,5
1d87404b-ce78-4bea-8b0f-41d86360bb1a,È¨™‰ºê,12,072 Project,Action,2115,2024-09-13,2024-09-19T22:11:07.833722,nintendo,5
fd03f219-e805-413a-9ad4-c8a0d98a7447,H√©l√®ne est dans mon Ventre.,18,Capucine Mahieux,Casual,349,2024-05-05,2024-09-19T22:11:07.833735,pc,5
a1ca95ae-7c7f-4d3b-891d-7eebc3dfa57c,Warrior Lords,10,Future Minimalism,Action,1699,2024-04-11,2024-09-19T22:11:07.833751,nintendo,5
61fc0abd-885b-4300-b9d4-d11fe573672a,MegaMegaEggs,l,NoraPerikaProject,Action,3849,2024-07-19,2024-09-19T22:11:07.833764,playstation,5
c1a1e00b-e967-4e41-85cf-3c190a2be44c,SOUTH PARK: SNOW DAY! - Asspen Pack,16,THQ Nordic,Action,1049,2024-05-23,2024-09-19T22:11:07.833776,playstation,5
514273e9-842e-4e8d-998a-49f5e2a1c14a,Owner,l,giacozama,Adventure,1699,2024-04-07,2024-09-19T22:11:07.833789,nintendo,5
46fd66a2-ac36-4ea4-a3df-e0a6a13fb0dd,Escape the Kreegan,l,Entropy Is Software Development,Action,1699,2024-05-26,2024-09-19T22:11:07.833805,playstation,5
482eadbd-5281-489e-8616-41b5b563d40c,Odd Sequence,l,Undervolta,Action,4199,2024-04-22,2024-09-19T22:11:07.833819,playstation,5
c001d878-30d1-4fbb-a406-cac2e54b1635,GLOW,l,Frank Hampus Weslien,Action,1049,2024-04-17,2024-09-19T22:11:07.833831,nintendo,5
e94bc803-7e6f-4598-b13c-b6e71a4bbf6c,TypeSpell Journey,l,IFIDEV,Casual,1699,2024-04-05,2024-09-19T22:11:07.833846,playstation,5
328ba0af-61d6-4538-9c5a-44912db1095d,Hurricane,l,Hurricane,Racing,10199,2024-04-02,2024-09-19T22:11:07.833864,pc,5
ac4765fd-3587-4976-a36a-b9911d5f3406,Apartment No 129,14,Batuhan G√ºnd√ºz,Action,1854,2024-08-02,2024-09-19T22:11:07.833878,pc,5
b6c3aa5a-0291-4997-8122-bd2f247f5927,Moni Mons,l,Dincicode,Casual,1379,2024-09-05,2024-09-19T22:11:07.833891,playstation,5
9bff8833-ff89-4d75-b68d-51e7b4f34cbf,Harlot's Diary,18,Veratrum,Casual,1049,2024-08-23,2024-09-19T22:11:07.833904,playstation,5
90ba93c5-e06b-405d-b306-355c7e31a238,Alphageddon,l,Andre Lima,Action,749,2024-04-22,2024-09-19T22:11:07.833917,nintendo,5
ea375096-5cb3-49f7-b8d1-dc10e8d7cb83,ÂπªÊÉ≥Â∞èÈïá,l,Magic & Potion,Adventure,499,2024-06-05,2024-09-19T22:11:07.833935,nintendo,5
a9d0edfc-2e9d-48fc-b5f1-722240a06769,House of Cards: TD,l,Bright Light Games,Adventure,499,2024-07-17,2024-09-19T22:11:07.833969,pc,5
a010b280-fa6a-420d-966b-a24d6d2eddfe,The Reeve,14,Gray Muscat,Adventure,399,2024-05-01,2024-09-19T22:11:07.833989,pc,5
499dc5f2-24f4-4989-af23-288e8ffe1c0e,Minesweeper Extended,l,Hocz,Casual,199,2024-04-22,2024-09-19T22:11:07.834008,pc,5
71be5c98-7dd6-49e2-8c05-e24e7bc80a08,Absolute Fear -AOONI- / ÊúÄÊÅê -ÈùíÈ¨º-,14,"LiTMUS Co., Ltd.",Action,999,2024-04-25,2024-09-19T22:11:07.834025,pc,5
5d054fff-03e8-4234-9475-37518ba65268,Human Upgrade Labs,14,Augustinas Raginskis,Indie,499,2024-04-25,2024-09-19T22:11:07.834044,pc,5
22bbb95e-6bae-49ee-84a7-2d4a4bbd8a75,Call of Duty¬Æ: Modern Warfare¬Æ II - Demon Deer: Pro Pack,18,Activision,Action,1679,2023-05-19,2024-09-19T22:11:07.834059,playstation,5
bece2c8c-ab77-4c2b-8f53-7f5eaad18f19,Ghostbusters: Spirits Unleashed Ecto Edition,10,IllFonic Publishing,Action,2599,2023-10-19,2024-09-19T22:11:07.834073,nintendo,5
1c6b707f-e08e-47a9-8564-7642c332e1dc,RimWorld - Anomaly,16,Ludeon Studios,Indie,2999,2024-04-11,2024-09-19T22:11:07.834087,nintendo,5
be64a5bb-8c5f-4e3a-a705-fe3c6bdc3ed3,Stellaris: Galactic Paragons,10,Paradox Interactive,Simulation,1499,2023-05-09,2024-09-19T22:11:07.834106,playstation,5
029b0b23-7591-41c3-a934-ce4b56a87d8f,Tom Clancy‚Äôs Rainbow Six Extraction,16,Ubisoft,Action,4999,2023-06-15,2024-09-19T22:11:07.834119,playstation,5
bc82ca67-403f-4e58-93e0-de8090447990,Revhead - Night Vision Pack,l,PlayWay S.A.,Action,1379,2023-04-21,2024-09-19T22:11:07.834137,pc,5
39734b5a-834e-4d10-b2f6-ee67b0ee6e20,Gallows Hill,l,RosemaryHouse,Casual,699,2023-10-11,2024-09-19T22:11:07.834152,pc,5
a14347c0-b9c8-4715-b375-1092941c3960,Princess of Mekana,18,Noxurtica,Indie,4699,2023-04-20,2024-09-19T22:11:07.834165,nintendo,5
a108e12a-4056-4d18-9373-a031e89c92f9,Dye the Bunny,14,Vidas Salavejus,Casual,1000,2023-04-13,2024-09-19T22:11:07.834177,nintendo,5
572ea740-3da2-47cf-98f9-b516c701b955,EARTH DEFENSE FORCE 6 - Ranger Boarding Weapons: Free Bike No. 6,l,D3PUBLISHER,Action,1049,2024-07-25,2024-09-19T22:11:07.834190,playstation,5
ce1cec42-4cf7-480e-b56d-8dbf423fbd0c,EARTH DEFENSE FORCE 6 - Air Raider Boarding Weapons: Eros No. 6,l,D3PUBLISHER,Action,1049,2024-07-25,2024-09-19T22:11:07.834203,pc,5
dc61c3c2-3ce3-4eee-9491-e2b81a1b2dfc,EARTH DEFENSE FORCE 6 - Air Raider Boarding Weapons: Naegling No. 6,l,D3PUBLISHER,Action,1049,2024-07-25,2024-09-19T22:11:07.834219,nintendo,5
9b8e4ba1-1cbf-49c8-b4a4-a1bac445df4a,EARTH DEFENSE FORCE 6 - Ranger Weapons: Broken MR98 Fang,l,D3PUBLISHER,Action,699,2024-07-25,2024-09-19T22:11:07.834234,nintendo,5
ec12a162-bdf1-4b87-b735-0bc3af0ee260,EARTH DEFENSE FORCE 6 - Wing Diver Independently Operated Equipment: Handy Saber Type 0,l,D3PUBLISHER,Action,699,2024-07-25,2024-09-19T22:11:07.834253,nintendo,5
97508b57-19d0-40d3-81ca-183d399d9891,EARTH DEFENSE FORCE 6 - Fencer Weapons:  'OneeChanbara ORIGIN' illustrated 'Disguised Body Pillow'.,l,D3PUBLISHER,Action,699,2024-07-25,2024-09-19T22:11:07.834268,nintendo,5
b132bcec-db0a-4aa4-87ca-67cf4bcdf05a,EARTH DEFENSE FORCE 6 - Fencer Weapons: Power Blade Zero,l,D3PUBLISHER,Action,699,2024-07-25,2024-09-19T22:11:07.834288,nintendo,5
f3226cd7-bc92-450b-820a-4c076365618e,Bison Battle Machine,14,Jl Apps,Action,1359,2024-05-08,2024-09-19T22:11:07.834306,nintendo,5
2da15ad8-41a0-4520-8e35-2babab13ef0e,Mazelit - Source Code,l,Something Pink,Casual,1049,2024-04-07,2024-09-19T22:11:07.834323,nintendo,5
3a6b5c08-f636-4220-bd85-106a3d68250d,Fall Words,l,Fall Words,Casual,1699,2024-05-07,2024-09-19T22:11:07.834341,playstation,5
de152bae-56de-490a-b88d-ee674a765056,Monster United,l,ËøΩÈ£éÁöÑÈ±º,Casual,1049,2024-04-22,2024-09-19T22:11:07.834357,pc,5
d61fb375-5718-4be4-89a2-1726317aca31,Mango 64,l,SpectrumStudios,Action,1699,2024-07-08,2024-09-19T22:11:07.834372,pc,5
84d40147-90e2-469b-8d71-eca602e033e3,Easy Breezy Drive,l,Lunar Solitude,Adventure,1331,2024-05-31,2024-09-19T22:11:07.834387,nintendo,5
475215b6-37f4-4549-b2d9-5a148fc4013c,StreamAnimations,l,computer-knopf,Animation & Modeling,2649,2024-04-17,2024-09-19T22:11:07.834401,nintendo,5
752d2534-4b30-4363-bc9c-7ddf4908ff62,RPG Maker MZ - RETRO SOUND MUSIC PACK Vol.01,l,Gotcha Gotcha Games,RPG,2999,2024-04-10,2024-09-19T22:11:07.834415,playstation,5
c6fee735-e9d8-4b82-8564-1d09b86111b0,RPG Maker MZ - Chiptune 8bit BGM Pack,l,Gotcha Gotcha Games,RPG,5499,2024-04-10,2024-09-19T22:11:07.834429,nintendo,5
655604b0-b175-41bf-9452-51f388605c96,RPG Maker MZ - Symphonic Rock Music Pack,l,Gotcha Gotcha Games,RPG,2999,2024-04-10,2024-09-19T22:11:07.834446,pc,5
13927038-a637-4230-af0e-041cefa3b3a3,RPG Maker MV - RETRO SOUND MUSIC PACK Vol.01,l,Gotcha Gotcha Games,RPG,2999,2024-04-10,2024-09-19T22:11:07.834461,nintendo,5
9f3da1eb-8ff1-4f2a-8082-3c9a55b8e169,RPG Maker MV - Chiptune 8bit BGM Pack,l,Gotcha Gotcha Games,RPG,5499,2024-04-10,2024-09-19T22:11:07.834486,playstation,5
00d67fe2-db44-40d3-9eae-b850d97f5a18,RPG Maker MV - Symphonic Rock Music Pack,l,Gotcha Gotcha Games,RPG,2999,2024-04-10,2024-09-19T22:11:07.834502,pc,5
5cb1887e-aa38-4d62-aa56-3ca84c9d5cee,Endless Mountain,l,wang huimin,Casual,349,2024-04-15,2024-09-19T22:11:07.834517,nintendo,5
b451e36c-39bd-4878-91a0-8260a074def4,ÁÉ≠Ë°ÄÁÅµÈ≠Ç ÁéãÊúù ReXueLinHun Dynasty,l,None,Action,299,2023-05-25,2024-09-19T22:11:07.834698,pc,5
